5E-CF-7F-01-85-56,5ECF7F018556,5C-CF-7F-01-85-56,5CCF7F018556
5E-CF-7F-01-85-56,5ECF7F018556,5C-CF-7F-01-85-56,5CCF7F018556
1A-FE-34-A1-B4-29,1AFE34A1B429,18-FE-34-A1-B4-29,18FE34A1B429
1A-FE-34-A1-B4-29,1AFE34A1B429,18-FE-34-A1-B4-29,18FE34A1B429
1A-FE-34-A1-B4-29,1AFE34A1B429,18-FE-34-A1-B4-29,18FE34A1B429
1A-FE-34-A1-B4-29,1AFE34A1B429,18-FE-34-A1-B4-29,18FE34A1B429
1A-FE-34-A1-B4-29,1AFE34A1B429,18-FE-34-A1-B4-29,18FE34A1B429
1A-FE-34-A1-B4-29,1AFE34A1B429,18-FE-34-A1-B4-29,18FE34A1B429
1A-FE-34-A1-B4-29,1AFE34A1B429,18-FE-34-A1-B4-29,18FE34A1B429
1A-FE-34-A1-B4-29,1AFE34A1B429,18-FE-34-A1-B4-29,18FE34A1B429
1A-FE-34-A1-B4-29,1AFE34A1B429,18-FE-34-A1-B4-29,18FE34A1B429
